# sinyal uji sintetis - bukan rekaman pasien - 250 Hz, target ~78 BPM
time_s,mV
0.0000,-0.0020
0.0040,0.0041
0.0080,-0.0018
0.0120,-0.0025
0.0160,-0.0074
0.0200,-0.0017
0.0240,0.0089
0.0280,0.0034
0.0320,0.0083
0.0360,0.0020
0.0400,0.0032
0.0440,0.0015
0.0480,-0.0133
0.0520,0.0068
0.0560,0.0041
0.0600,0.0040
0.0640,-0.0135
0.0680,-0.0140
0.0720,-0.0071
0.0760,-0.0037
0.0800,0.0024
0.0840,-0.0004
0.0880,0.0042
0.0920,-0.0051
0.0960,0.0025
0.1000,0.0032
0.1040,-0.0052
0.1080,0.0143
0.1120,0.0064
0.1160,0.0158
0.1200,0.0113
0.1240,0.0293
0.1280,0.0604
0.1320,0.0931
0.1360,0.1209
0.1400,0.1203
0.1440,0.0967
0.1480,0.0627
0.1520,0.0368
0.1560,0.0295
0.1600,0.0014
0.1640,0.0046
0.1680,0.0041
0.1720,-0.0118
0.1760,0.0004
0.1800,0.0105
0.1840,-0.0161
0.1880,-0.0026
0.1920,-0.0008
0.1960,-0.0066
0.2000,0.0036
0.2040,-0.0053
0.2080,-0.0395
0.2120,-0.0695
0.2160,-0.0875
0.2200,0.0159
0.2240,0.3522
0.2280,0.8775
0.2320,1.0138
0.2360,0.5393
0.2400,0.1327
0.2440,-0.0377
0.2480,-0.1173
0.2520,-0.1822
0.2560,-0.1770
0.2600,-0.1134
0.2640,-0.0358
0.2680,-0.0290
0.2720,-0.0140
0.2760,0.0016
0.2800,0.0115
0.2840,0.0046
0.2880,-0.0152
0.2920,-0.0201
0.2960,0.0029
0.3000,-0.0059
0.3040,-0.0089
0.3080,0.0079
0.3120,0.0090
0.3160,0.0016
0.3200,0.0027
0.3240,0.0047
0.3280,0.0149
0.3320,0.0086
0.3360,0.0101
0.3400,0.0139
0.3440,0.0022
0.3480,0.0324
0.3520,0.0398
0.3560,0.0497
0.3600,0.0465
0.3640,0.0779
0.3680,0.1138
0.3720,0.1196
0.3760,0.1616
0.3800,0.2005
0.3840,0.2097
0.3880,0.2575
0.3920,0.2681
0.3960,0.2746
0.4000,0.2826
0.4040,0.2810
0.4080,0.2646
0.4120,0.2538
0.4160,0.2149
0.4200,0.1890
0.4240,0.1714
0.4280,0.1343
0.4320,0.1000
0.4360,0.0905
0.4400,0.0741
0.4440,0.0419
0.4480,0.0211
0.4520,0.0210
0.4560,0.0135
0.4600,0.0071
0.4640,0.0172
0.4680,-0.0046
0.4720,0.0122
0.4760,-0.0089
0.4800,-0.0056
0.4840,0.0054
0.4880,0.0092
0.4920,0.0070
0.4960,0.0028
0.5000,0.0012
0.5040,0.0012
0.5080,0.0046
0.5120,-0.0014
0.5160,0.0022
0.5200,0.0046
0.5240,0.0000
0.5280,0.0061
0.5320,0.0045
0.5360,0.0161
0.5400,0.0026
0.5440,-0.0034
0.5480,-0.0030
0.5520,-0.0001
0.5560,0.0074
0.5600,-0.0027
0.5640,0.0031
0.5680,0.0147
0.5720,-0.0205
0.5760,-0.0090
0.5800,0.0020
0.5840,0.0032
0.5880,0.0019
0.5920,-0.0034
0.5960,0.0052
0.6000,0.0023
0.6040,-0.0042
0.6080,0.0194
0.6120,0.0028
0.6160,-0.0044
0.6200,-0.0008
0.6240,-0.0018
0.6280,-0.0005
0.6320,-0.0218
0.6360,-0.0039
0.6400,0.0081
0.6440,-0.0093
0.6480,-0.0005
0.6520,0.0076
0.6560,0.0068
0.6600,0.0119
0.6640,-0.0136
0.6680,-0.0028
0.6720,-0.0027
0.6760,0.0050
0.6800,0.0087
0.6840,-0.0215
0.6880,0.0087
0.6920,-0.0116
0.6960,0.0055
0.7000,-0.0119
0.7040,0.0014
0.7080,0.0096
0.7120,-0.0012
0.7160,0.0015
0.7200,0.0064
0.7240,0.0011
0.7280,-0.0007
0.7320,0.0123
0.7360,0.0084
0.7400,-0.0024
0.7440,0.0220
0.7480,-0.0092
0.7520,0.0073
0.7560,-0.0021
0.7600,0.0011
0.7640,0.0056
0.7680,0.0018
0.7720,0.0051
0.7760,-0.0122
0.7800,-0.0121
0.7840,0.0049
0.7880,-0.0077
0.7920,-0.0082
0.7960,-0.0118
0.8000,0.0101
0.8040,0.0060
0.8080,0.0118
0.8120,-0.0075
0.8160,0.0000
0.8200,-0.0091
0.8240,0.0061
0.8280,0.0127
0.8320,-0.0071
0.8360,0.0125
0.8400,0.0079
0.8440,-0.0014
0.8480,-0.0158
0.8520,0.0113
0.8560,-0.0008
0.8600,-0.0048
0.8640,0.0032
0.8680,0.0033
0.8720,0.0121
0.8760,-0.0078
0.8800,0.0104
0.8840,0.0164
0.8880,0.0239
0.8920,0.0268
0.8960,0.0478
0.9000,0.0929
0.9040,0.1117
0.9080,0.1209
0.9120,0.1190
0.9160,0.0779
0.9200,0.0310
0.9240,0.0221
0.9280,-0.0042
0.9320,0.0103
0.9360,0.0036
0.9400,-0.0046
0.9440,-0.0000
0.9480,0.0067
0.9520,0.0006
0.9560,0.0106
0.9600,-0.0005
0.9640,0.0083
0.9680,0.0118
0.9720,0.0105
0.9760,-0.0229
0.9800,-0.0535
0.9840,-0.1115
0.9880,-0.0493
0.9920,0.1903
0.9960,0.7250
1.0000,1.0396
1.0040,0.7197
1.0080,0.2233
1.0120,-0.0001
1.0160,-0.0951
1.0200,-0.1569
1.0240,-0.1637
1.0280,-0.1304
1.0320,-0.0587
1.0360,-0.0118
1.0400,-0.0057
1.0440,-0.0106
1.0480,-0.0045
1.0520,0.0086
1.0560,-0.0132
1.0600,-0.0048
1.0640,0.0081
1.0680,0.0064
1.0720,0.0001
1.0760,0.0065
1.0800,0.0015
1.0840,-0.0091
1.0880,-0.0119
1.0920,-0.0041
1.0960,0.0092
1.1000,-0.0014
1.1040,-0.0021
1.1080,0.0021
1.1120,0.0007
1.1160,0.0186
1.1200,0.0193
1.1240,0.0439
1.1280,0.0379
1.1320,0.0788
1.1360,0.0942
1.1400,0.1100
1.1440,0.1598
1.1480,0.1812
1.1520,0.1940
1.1560,0.2306
1.1600,0.2608
1.1640,0.2692
1.1680,0.2858
1.1720,0.2840
1.1760,0.2735
1.1800,0.2537
1.1840,0.2388
1.1880,0.2064
1.1920,0.1757
1.1960,0.1262
1.2000,0.1223
1.2040,0.1005
1.2080,0.0659
1.2120,0.0465
1.2160,0.0514
1.2200,0.0108
1.2240,0.0205
1.2280,0.0303
1.2320,-0.0005
1.2360,0.0098
1.2400,0.0176
1.2440,0.0005
1.2480,0.0053
1.2520,0.0077
1.2560,-0.0070
1.2600,-0.0006
1.2640,0.0024
1.2680,0.0066
1.2720,-0.0003
1.2760,-0.0016
1.2800,-0.0081
1.2840,-0.0029
1.2880,0.0071
1.2920,0.0008
1.2960,-0.0068
1.3000,-0.0067
1.3040,0.0213
1.3080,0.0091
1.3120,0.0051
1.3160,-0.0207
1.3200,0.0050
1.3240,0.0038
1.3280,0.0135
1.3320,0.0034
1.3360,-0.0005
1.3400,0.0042
1.3440,-0.0156
1.3480,0.0083
1.3520,0.0026
1.3560,-0.0056
1.3600,0.0106
1.3640,0.0145
1.3680,-0.0112
1.3720,-0.0053
1.3760,0.0023
1.3800,0.0015
1.3840,-0.0032
1.3880,-0.0078
1.3920,0.0170
1.3960,0.0083
1.4000,-0.0096
1.4040,-0.0108
1.4080,0.0136
1.4120,0.0079
1.4160,0.0146
1.4200,0.0065
1.4240,-0.0070
1.4280,0.0021
1.4320,-0.0173
1.4360,-0.0060
1.4400,-0.0005
1.4440,0.0042
1.4480,-0.0058
1.4520,-0.0010
1.4560,0.0037
1.4600,0.0030
1.4640,0.0051
1.4680,0.0017
1.4720,-0.0026
1.4760,0.0063
1.4800,0.0004
1.4840,-0.0066
1.4880,-0.0050
1.4920,-0.0000
1.4960,-0.0009
1.5000,0.0013
1.5040,-0.0000
1.5080,0.0014
1.5120,-0.0011
1.5160,-0.0101
1.5200,0.0034
1.5240,0.0084
1.5280,0.0035
1.5320,-0.0015
1.5360,0.0036
1.5400,-0.0077
1.5440,-0.0152
1.5480,0.0005
1.5520,-0.0074
1.5560,0.0059
1.5600,-0.0087
1.5640,-0.0210
1.5680,-0.0083
1.5720,0.0126
1.5760,-0.0031
1.5800,-0.0110
1.5840,-0.0061
1.5880,0.0042
1.5920,0.0040
1.5960,0.0014
1.6000,0.0119
1.6040,0.0057
1.6080,-0.0002
1.6120,0.0048
1.6160,0.0132
1.6200,0.0078
1.6240,0.0082
1.6280,-0.0087
1.6320,-0.0012
1.6360,0.0058
1.6400,-0.0023
1.6440,0.0088
1.6480,0.0057
1.6520,0.0104
1.6560,0.0075
1.6600,0.0427
1.6640,0.0550
1.6680,0.0735
1.6720,0.1048
1.6760,0.1402
1.6800,0.1108
1.6840,0.0964
1.6880,0.0663
1.6920,0.0317
1.6960,0.0048
1.7000,0.0068
1.7040,0.0045
1.7080,0.0095
1.7120,0.0064
1.7160,0.0002
1.7200,0.0068
1.7240,0.0043
1.7280,0.0016
1.7320,0.0004
1.7360,-0.0020
1.7400,0.0044
1.7440,-0.0187
1.7480,-0.0498
1.7520,-0.0913
1.7560,-0.0841
1.7600,0.0975
1.7640,0.5275
1.7680,1.0069
1.7720,0.8808
1.7760,0.3573
1.7800,0.0442
1.7840,-0.0679
1.7880,-0.1520
1.7920,-0.1651
1.7960,-0.1462
1.8000,-0.0737
1.8040,-0.0367
1.8080,-0.0085
1.8120,-0.0156
1.8160,0.0061
1.8200,0.0075
1.8240,-0.0152
1.8280,-0.0004
1.8320,0.0050
1.8360,-0.0141
1.8400,-0.0146
1.8440,-0.0085
1.8480,-0.0049
1.8520,-0.0110
1.8560,0.0007
1.8600,0.0029
1.8640,0.0066
1.8680,0.0083
1.8720,0.0164
1.8760,0.0165
1.8800,0.0008
1.8840,0.0132
1.8880,0.0172
1.8920,0.0283
1.8960,0.0509
1.9000,0.0699
1.9040,0.0957
1.9080,0.1045
1.9120,0.1352
1.9160,0.1742
1.9200,0.2017
1.9240,0.2276
1.9280,0.2522
1.9320,0.2632
1.9360,0.2840
1.9400,0.2822
1.9440,0.2713
1.9480,0.2517
1.9520,0.2343
1.9560,0.1880
1.9600,0.1733
1.9640,0.1521
1.9680,0.1114
1.9720,0.0990
1.9760,0.0758
1.9800,0.0444
1.9840,0.0380
1.9880,0.0254
1.9920,0.0227
1.9960,0.0174
2.0000,0.0077
2.0040,-0.0018
2.0080,0.0018
2.0120,0.0012
2.0160,0.0069
2.0200,0.0029
2.0240,-0.0055
2.0280,-0.0107
2.0320,-0.0029
2.0360,-0.0059
2.0400,-0.0089
2.0440,-0.0009
2.0480,-0.0039
2.0520,0.0008
2.0560,0.0042
2.0600,-0.0033
2.0640,0.0186
2.0680,-0.0026
2.0720,0.0088
2.0760,0.0010
2.0800,0.0089
2.0840,-0.0190
2.0880,-0.0060
2.0920,0.0020
2.0960,0.0048
2.1000,0.0187
2.1040,0.0026
2.1080,0.0102
2.1120,0.0061
2.1160,0.0076
2.1200,0.0041
2.1240,-0.0012
2.1280,0.0041
2.1320,-0.0086
2.1360,0.0095
2.1400,-0.0081
2.1440,0.0020
2.1480,0.0170
2.1520,-0.0018
2.1560,0.0002
2.1600,0.0093
2.1640,0.0002
2.1680,-0.0065
2.1720,0.0021
2.1760,0.0047
2.1800,0.0057
2.1840,-0.0062
2.1880,0.0140
2.1920,0.0133
2.1960,0.0001
2.2000,0.0021
2.2040,-0.0034
2.2080,0.0113
2.2120,-0.0056
2.2160,0.0054
2.2200,-0.0038
2.2240,-0.0056
2.2280,0.0057
2.2320,0.0107
2.2360,-0.0001
2.2400,-0.0054
2.2440,0.0065
2.2480,-0.0004
2.2520,0.0025
2.2560,0.0122
2.2600,0.0091
2.2640,-0.0042
2.2680,0.0183
2.2720,0.0000
2.2760,0.0063
2.2800,-0.0052
2.2840,-0.0004
2.2880,-0.0140
2.2920,0.0143
2.2960,0.0109
2.3000,-0.0097
2.3040,-0.0120
2.3080,-0.0130
2.3120,0.0094
2.3160,-0.0037
2.3200,-0.0005
2.3240,-0.0025
2.3280,-0.0010
2.3320,-0.0087
2.3360,0.0002
2.3400,-0.0115
2.3440,-0.0006
2.3480,0.0025
2.3520,0.0037
2.3560,-0.0019
2.3600,-0.0072
2.3640,0.0013
2.3680,-0.0039
2.3720,0.0125
2.3760,0.0061
2.3800,-0.0009
2.3840,-0.0038
2.3880,-0.0056
2.3920,-0.0075
2.3960,-0.0028
2.4000,0.0024
2.4040,0.0041
2.4080,0.0046
2.4120,0.0169
2.4160,-0.0051
2.4200,0.0023
2.4240,0.0291
2.4280,0.0024
2.4320,0.0329
2.4360,0.0669
2.4400,0.0973
2.4440,0.1200
2.4480,0.1157
2.4520,0.1011
2.4560,0.0684
2.4600,0.0451
2.4640,0.0034
2.4680,0.0002
2.4720,0.0024
2.4760,-0.0076
2.4800,-0.0082
2.4840,0.0050
2.4880,-0.0052
2.4920,0.0051
2.4960,0.0060
2.5000,0.0025
2.5040,0.0040
2.5080,-0.0013
2.5120,-0.0169
2.5160,-0.0311
2.5200,-0.0761
2.5240,-0.0945
2.5280,0.0230
2.5320,0.3846
2.5360,0.9018
2.5400,0.9979
2.5440,0.5229
2.5480,0.1036
2.5520,-0.0388
2.5560,-0.1205
2.5600,-0.1621
2.5640,-0.1636
2.5680,-0.0965
2.5720,-0.0480
2.5760,-0.0115
2.5800,-0.0021
2.5840,-0.0144
2.5880,0.0115
2.5920,0.0072
2.5960,-0.0140
2.6000,0.0060
2.6040,-0.0010
2.6080,0.0036
2.6120,0.0030
2.6160,-0.0119
2.6200,-0.0015
2.6240,0.0123
2.6280,-0.0039
2.6320,-0.0069
2.6360,-0.0086
2.6400,-0.0060
2.6440,0.0089
2.6480,0.0234
2.6520,0.0187
2.6560,0.0247
2.6600,0.0510
2.6640,0.0425
2.6680,0.0584
2.6720,0.0889
2.6760,0.1134
2.6800,0.1282
2.6840,0.1559
2.6880,0.1969
2.6920,0.2242
2.6960,0.2358
2.7000,0.2633
2.7040,0.2721
2.7080,0.2837
2.7120,0.2742
2.7160,0.2617
2.7200,0.2401
2.7240,0.2266
2.7280,0.2012
2.7320,0.1578
2.7360,0.1387
2.7400,0.0990
2.7440,0.0818
2.7480,0.0669
2.7520,0.0564
2.7560,0.0282
2.7600,0.0209
2.7640,0.0158
2.7680,-0.0028
2.7720,0.0059
2.7760,-0.0019
2.7800,0.0050
2.7840,-0.0079
2.7880,-0.0152
2.7920,0.0007
2.7960,0.0023
2.8000,-0.0043
2.8040,0.0072
2.8080,-0.0022
2.8120,-0.0048
2.8160,0.0038
2.8200,-0.0125
2.8240,-0.0054
2.8280,-0.0002
2.8320,0.0068
2.8360,-0.0013
2.8400,0.0025
2.8440,-0.0052
2.8480,0.0024
2.8520,0.0133
2.8560,-0.0055
2.8600,0.0189
2.8640,-0.0052
2.8680,0.0001
2.8720,0.0014
2.8760,0.0082
2.8800,-0.0099
2.8840,-0.0168
2.8880,0.0048
2.8920,0.0064
2.8960,0.0050
2.9000,0.0210
2.9040,0.0016
2.9080,0.0020
2.9120,0.0074
2.9160,0.0030
2.9200,0.0133
2.9240,-0.0099
2.9280,-0.0030
2.9320,-0.0276
2.9360,0.0065
2.9400,-0.0030
2.9440,0.0074
2.9480,0.0172
2.9520,-0.0000
2.9560,-0.0020
2.9600,-0.0040
2.9640,-0.0067
2.9680,-0.0050
2.9720,0.0051
2.9760,0.0003
2.9800,0.0005
2.9840,-0.0014
2.9880,0.0073
2.9920,0.0040
2.9960,-0.0011
3.0000,0.0053
3.0040,-0.0012
3.0080,-0.0092
3.0120,0.0116
3.0160,0.0037
3.0200,-0.0077
3.0240,0.0086
3.0280,0.0028
3.0320,-0.0125
3.0360,0.0129
3.0400,0.0027
3.0440,0.0071
3.0480,0.0016
3.0520,-0.0012
3.0560,-0.0124
3.0600,0.0078
3.0640,0.0002
3.0680,-0.0023
3.0720,0.0028
3.0760,0.0006
3.0800,0.0054
3.0840,-0.0030
3.0880,-0.0003
3.0920,-0.0171
3.0960,-0.0034
3.1000,0.0054
3.1040,0.0107
3.1080,-0.0029
3.1120,-0.0010
3.1160,0.0127
3.1200,-0.0026
3.1240,0.0059
3.1280,0.0134
3.1320,0.0003
3.1360,0.0098
3.1400,-0.0057
3.1440,0.0017
3.1480,-0.0006
3.1520,0.0009
3.1560,0.0090
3.1600,0.0191
3.1640,-0.0053
3.1680,-0.0046
3.1720,0.0040
3.1760,-0.0084
3.1800,0.0041
3.1840,0.0049
3.1880,-0.0007
3.1920,0.0091
3.1960,0.0008
3.2000,0.0360
3.2040,0.0437
3.2080,0.0816
3.2120,0.1077
3.2160,0.1165
3.2200,0.1128
3.2240,0.0783
3.2280,0.0440
3.2320,0.0281
3.2360,0.0226
3.2400,0.0035
3.2440,0.0039
3.2480,0.0102
3.2520,0.0022
3.2560,-0.0103
3.2600,0.0199
3.2640,0.0177
3.2680,-0.0159
3.2720,-0.0003
3.2760,0.0031
3.2800,0.0049
3.2840,-0.0144
3.2880,-0.0668
3.2920,-0.1050
3.2960,-0.0294
3.3000,0.2452
3.3040,0.7497
3.3080,1.0390
3.3120,0.6773
3.3160,0.1822
3.3200,-0.0110
3.3240,-0.0997
3.3280,-0.1590
3.3320,-0.1820
3.3360,-0.1325
3.3400,-0.0616
3.3440,-0.0182
3.3480,-0.0089
3.3520,-0.0004
3.3560,0.0060
3.3600,0.0095
3.3640,0.0136
3.3680,-0.0063
3.3720,-0.0033
3.3760,-0.0198
3.3800,0.0152
3.3840,-0.0057
3.3880,-0.0001
3.3920,0.0045
3.3960,-0.0103
3.4000,0.0048
3.4040,0.0017
3.4080,-0.0114
3.4120,0.0077
3.4160,0.0181
3.4200,-0.0016
3.4240,0.0266
3.4280,0.0313
3.4320,0.0459
3.4360,0.0616
3.4400,0.0883
3.4440,0.0994
3.4480,0.1346
3.4520,0.1530
3.4560,0.1915
3.4600,0.2075
3.4640,0.2385
3.4680,0.2737
3.4720,0.2773
3.4760,0.2785
3.4800,0.2684
3.4840,0.2608
3.4880,0.2511
3.4920,0.2337
3.4960,0.2024
3.5000,0.1740
3.5040,0.1403
3.5080,0.1239
3.5120,0.0851
3.5160,0.0624
3.5200,0.0561
3.5240,0.0355
3.5280,0.0219
3.5320,0.0116
3.5360,0.0085
3.5400,0.0117
3.5440,0.0069
3.5480,-0.0072
3.5520,0.0048
3.5560,0.0022
3.5600,-0.0076
3.5640,0.0064
3.5680,-0.0021
3.5720,-0.0026
3.5760,0.0064
3.5800,0.0106
3.5840,-0.0055
3.5880,0.0035
3.5920,-0.0070
3.5960,0.0185
3.6000,-0.0039
3.6040,0.0096
3.6080,-0.0052
3.6120,0.0065
3.6160,0.0178
3.6200,-0.0203
3.6240,-0.0035
3.6280,0.0040
3.6320,-0.0007
3.6360,-0.0053
3.6400,0.0172
3.6440,0.0006
3.6480,-0.0132
3.6520,0.0068
3.6560,-0.0138
3.6600,0.0092
3.6640,-0.0046
3.6680,0.0012
3.6720,0.0101
3.6760,0.0009
3.6800,-0.0111
3.6840,-0.0136
3.6880,0.0095
3.6920,0.0059
3.6960,-0.0065
3.7000,0.0069
3.7040,0.0040
3.7080,0.0052
3.7120,-0.0181
3.7160,-0.0024
3.7200,0.0072
3.7240,0.0059
3.7280,0.0071
3.7320,-0.0197
3.7360,0.0014
3.7400,0.0039
3.7440,0.0204
3.7480,-0.0076
3.7520,-0.0026
3.7560,0.0003
3.7600,0.0071
3.7640,-0.0035
3.7680,0.0092
3.7720,-0.0063
3.7760,0.0021
3.7800,-0.0042
3.7840,0.0013
3.7880,-0.0055
3.7920,-0.0128
3.7960,0.0087
3.8000,0.0024
3.8040,-0.0045
3.8080,0.0016
3.8120,0.0079
3.8160,-0.0078
3.8200,-0.0009
3.8240,0.0043
3.8280,0.0042
3.8320,-0.0027
3.8360,-0.0169
3.8400,0.0099
3.8440,0.0026
3.8480,0.0001
3.8520,-0.0022
3.8560,0.0021
3.8600,-0.0034
3.8640,-0.0082
3.8680,-0.0059
3.8720,-0.0048
3.8760,-0.0049
3.8800,-0.0093
3.8840,0.0051
3.8880,-0.0105
3.8920,0.0053
3.8960,-0.0081
3.9000,0.0028
3.9040,0.0110
3.9080,0.0016
3.9120,-0.0058
3.9160,0.0004
3.9200,0.0012
3.9240,-0.0139
3.9280,-0.0049
3.9320,0.0013
3.9360,-0.0038
3.9400,0.0006
3.9440,0.0059
3.9480,0.0062
3.9520,0.0075
3.9560,0.0057
3.9600,0.0011
3.9640,0.0098
3.9680,0.0216
3.9720,0.0447
3.9760,0.0762
3.9800,0.0921
3.9840,0.1171
3.9880,0.1120
3.9920,0.0793
3.9960,0.0559
4.0000,0.0340
4.0040,0.0119
4.0080,0.0215
4.0120,-0.0194
4.0160,-0.0013
4.0200,-0.0145
4.0240,0.0079
4.0280,0.0212
4.0320,-0.0200
4.0360,0.0010
4.0400,0.0042
4.0440,-0.0025
4.0480,0.0031
4.0520,-0.0298
4.0560,-0.0418
4.0600,-0.0904
4.0640,-0.0657
4.0680,0.1198
4.0720,0.5919
4.0760,1.0245
4.0800,0.8416
4.0840,0.3139
4.0880,0.0141
4.0920,-0.0725
4.0960,-0.1439
4.1000,-0.1740
4.1040,-0.1527
4.1080,-0.0776
4.1120,-0.0220
4.1160,-0.0050
4.1200,0.0090
4.1240,0.0158
4.1280,-0.0073
4.1320,-0.0154
4.1360,0.0069
4.1400,0.0122
4.1440,0.0074
4.1480,0.0065
4.1520,-0.0049
4.1560,-0.0056
4.1600,0.0074
4.1640,-0.0068
4.1680,-0.0136
4.1720,-0.0064
4.1760,0.0227
4.1800,0.0200
4.1840,0.0020
4.1880,0.0059
4.1920,0.0197
4.1960,0.0204
4.2000,0.0484
4.2040,0.0522
4.2080,0.0627
4.2120,0.1041
4.2160,0.1146
4.2200,0.1491
4.2240,0.1765
4.2280,0.2030
4.2320,0.2346
4.2360,0.2486
4.2400,0.2555
4.2440,0.2611
4.2480,0.2690
4.2520,0.2651
4.2560,0.2555
4.2600,0.2343
4.2640,0.2121
4.2680,0.1798
4.2720,0.1432
4.2760,0.1156
4.2800,0.0786
4.2840,0.0716
4.2880,0.0580
4.2920,0.0432
4.2960,0.0262
4.3000,0.0170
4.3040,0.0196
4.3080,0.0078
4.3120,0.0107
4.3160,0.0075
4.3200,0.0034
4.3240,0.0114
4.3280,-0.0041
4.3320,-0.0026
4.3360,-0.0063
4.3400,-0.0063
4.3440,0.0125
4.3480,0.0141
4.3520,0.0002
4.3560,0.0045
4.3600,0.0094
4.3640,0.0065
4.3680,0.0096
4.3720,-0.0101
4.3760,-0.0051
4.3800,0.0036
4.3840,0.0115
4.3880,0.0008
4.3920,-0.0069
4.3960,-0.0028
4.4000,-0.0053
4.4040,-0.0069
4.4080,0.0120
4.4120,-0.0050
4.4160,0.0002
4.4200,0.0173
4.4240,0.0095
4.4280,0.0027
4.4320,-0.0049
4.4360,0.0033
4.4400,0.0130
4.4440,0.0050
4.4480,0.0101
4.4520,0.0008
4.4560,0.0041
4.4600,-0.0016
4.4640,0.0034
4.4680,0.0104
4.4720,-0.0114
4.4760,-0.0005
4.4800,0.0019
4.4840,-0.0046
4.4880,-0.0025
4.4920,0.0063
4.4960,0.0160
4.5000,0.0050
4.5040,0.0026
4.5080,-0.0124
4.5120,0.0154
4.5160,0.0006
4.5200,-0.0003
4.5240,-0.0089
4.5280,-0.0005
4.5320,-0.0088
4.5360,0.0006
4.5400,0.0037
4.5440,0.0002
4.5480,0.0022
4.5520,-0.0068
4.5560,0.0114
4.5600,-0.0052
4.5640,-0.0145
4.5680,-0.0015
4.5720,-0.0061
4.5760,-0.0081
4.5800,-0.0028
4.5840,0.0023
4.5880,-0.0095
4.5920,-0.0011
4.5960,0.0114
4.6000,0.0055
4.6040,-0.0012
4.6080,0.0010
4.6120,-0.0010
4.6160,-0.0004
4.6200,0.0059
4.6240,-0.0007
4.6280,-0.0192
4.6320,-0.0002
4.6360,-0.0071
4.6400,0.0052
4.6440,-0.0049
4.6480,0.0012
4.6520,0.0174
4.6560,-0.0084
4.6600,-0.0090
4.6640,-0.0113
4.6680,-0.0192
4.6720,-0.0150
4.6760,0.0029
4.6800,-0.0051
4.6840,-0.0149
4.6880,-0.0119
4.6920,0.0049
4.6960,-0.0062
4.7000,-0.0029
4.7040,0.0026
4.7080,0.0109
4.7120,0.0155
4.7160,0.0083
4.7200,0.0013
4.7240,0.0021
4.7280,0.0168
4.7320,0.0187
4.7360,0.0160
4.7400,0.0426
4.7440,0.0702
4.7480,0.0986
4.7520,0.1136
4.7560,0.1062
4.7600,0.0918
4.7640,0.0532
4.7680,0.0468
4.7720,0.0216
4.7760,-0.0029
4.7800,0.0133
4.7840,0.0077
4.7880,-0.0151
4.7920,0.0148
4.7960,0.0065
4.8000,0.0165
4.8040,-0.0098
4.8080,0.0042
4.8120,0.0034
4.8160,0.0010
4.8200,-0.0052
4.8240,-0.0257
4.8280,-0.0950
4.8320,-0.0969
4.8360,0.0296
4.8400,0.4137
4.8440,0.9351
4.8480,0.9716
4.8520,0.4693
4.8560,0.0903
4.8600,-0.0522
4.8640,-0.1284
4.8680,-0.1688
4.8720,-0.1566
4.8760,-0.0975
4.8800,-0.0415
4.8840,0.0023
4.8880,-0.0065
4.8920,0.0050
4.8960,0.0092
4.9000,-0.0021
4.9040,0.0066
4.9080,-0.0089
4.9120,0.0081
4.9160,0.0016
4.9200,-0.0126
4.9240,0.0055
4.9280,-0.0069
4.9320,0.0107
4.9360,-0.0047
4.9400,0.0000
4.9440,0.0046
4.9480,0.0013
4.9520,0.0085
4.9560,0.0058
4.9600,0.0211
4.9640,0.0235
4.9680,0.0357
4.9720,0.0258
4.9760,0.0746
4.9800,0.0867
4.9840,0.0968
4.9880,0.1392
4.9920,0.1713
4.9960,0.2053
5.0000,0.2155
5.0040,0.2603
5.0080,0.2647
5.0120,0.2962
5.0160,0.2787
5.0200,0.2799
5.0240,0.2582
5.0280,0.2322
5.0320,0.2248
5.0360,0.1951
5.0400,0.1708
5.0440,0.1367
5.0480,0.0985
5.0520,0.0662
5.0560,0.0543
5.0600,0.0378
5.0640,0.0239
5.0680,0.0255
5.0720,0.0164
5.0760,0.0067
5.0800,0.0069
5.0840,0.0022
5.0880,0.0037
5.0920,0.0071
5.0960,0.0083
5.1000,-0.0052
5.1040,-0.0119
5.1080,0.0115
5.1120,0.0010
5.1160,0.0089
5.1200,-0.0131
5.1240,-0.0026
5.1280,0.0002
5.1320,-0.0115
5.1360,-0.0041
5.1400,0.0058
5.1440,0.0086
5.1480,0.0128
5.1520,-0.0069
5.1560,-0.0112
5.1600,0.0042
5.1640,0.0075
5.1680,0.0015
5.1720,-0.0104
5.1760,0.0063
5.1800,0.0063
5.1840,0.0044
5.1880,-0.0039
5.1920,0.0024
5.1960,0.0063
5.2000,-0.0045
5.2040,-0.0147
5.2080,0.0026
5.2120,0.0038
5.2160,0.0001
5.2200,0.0071
5.2240,-0.0047
5.2280,-0.0007
5.2320,-0.0024
5.2360,0.0046
5.2400,0.0128
5.2440,-0.0020
5.2480,0.0164
5.2520,0.0122
5.2560,0.0063
5.2600,0.0047
5.2640,0.0142
5.2680,-0.0014
5.2720,-0.0009
5.2760,-0.0085
5.2800,0.0038
5.2840,0.0108
5.2880,0.0043
5.2920,0.0034
5.2960,-0.0016
5.3000,0.0014
5.3040,-0.0114
5.3080,0.0084
5.3120,-0.0033
5.3160,-0.0088
5.3200,-0.0060
5.3240,-0.0066
5.3280,0.0068
5.3320,0.0085
5.3360,-0.0109
5.3400,0.0074
5.3440,0.0071
5.3480,-0.0046
5.3520,-0.0119
5.3560,-0.0060
5.3600,-0.0051
5.3640,0.0027
5.3680,-0.0029
5.3720,-0.0162
5.3760,0.0019
5.3800,-0.0123
5.3840,0.0072
5.3880,-0.0097
5.3920,-0.0055
5.3960,-0.0068
5.4000,-0.0043
5.4040,0.0104
5.4080,0.0068
5.4120,0.0048
5.4160,0.0026
5.4200,-0.0124
5.4240,-0.0042
5.4280,-0.0044
5.4320,-0.0078
5.4360,0.0041
5.4400,-0.0059
5.4440,-0.0057
5.4480,-0.0084
5.4520,-0.0165
5.4560,0.0048
5.4600,0.0106
5.4640,0.0014
5.4680,-0.0078
5.4720,-0.0216
5.4760,0.0014
5.4800,0.0097
5.4840,0.0024
5.4880,0.0075
5.4920,0.0122
5.4960,0.0106
5.5000,0.0017
5.5040,0.0226
5.5080,0.0378
5.5120,0.0461
5.5160,0.0862
5.5200,0.1021
5.5240,0.1185
5.5280,0.1087
5.5320,0.0667
5.5360,0.0286
5.5400,0.0327
5.5440,0.0122
5.5480,0.0149
5.5520,-0.0097
5.5560,0.0087
5.5600,0.0166
5.5640,0.0161
5.5680,-0.0017
5.5720,0.0022
5.5760,-0.0012
5.5800,0.0080
5.5840,0.0081
5.5880,-0.0027
5.5920,-0.0331
5.5960,-0.0626
5.6000,-0.0997
5.6040,-0.0135
5.6080,0.2718
5.6120,0.8120
5.6160,1.0493
5.6200,0.6312
5.6240,0.1753
5.6280,-0.0033
5.6320,-0.1064
5.6360,-0.1626
5.6400,-0.1649
5.6440,-0.1100
5.6480,-0.0500
5.6520,-0.0266
5.6560,-0.0132
5.6600,0.0016
5.6640,0.0031
5.6680,0.0204
5.6720,-0.0069
5.6760,0.0091
5.6800,0.0062
5.6840,-0.0134
5.6880,-0.0065
5.6920,0.0014
5.6960,-0.0038
5.7000,-0.0009
5.7040,0.0044
5.7080,-0.0053
5.7120,0.0057
5.7160,-0.0017
5.7200,0.0012
5.7240,0.0132
5.7280,0.0092
5.7320,0.0231
5.7360,0.0432
5.7400,0.0434
5.7440,0.0583
5.7480,0.0854
5.7520,0.1002
5.7560,0.1385
5.7600,0.1483
5.7640,0.1928
5.7680,0.2120
5.7720,0.2347
5.7760,0.2753
5.7800,0.2677
5.7840,0.2940
5.7880,0.2823
5.7920,0.2776
5.7960,0.2401
5.8000,0.2338
5.8040,0.2084
5.8080,0.1666
5.8120,0.1374
5.8160,0.1307
5.8200,0.0878
5.8240,0.0619
5.8280,0.0428
5.8320,0.0376
5.8360,0.0261
5.8400,0.0171
5.8440,0.0240
5.8480,0.0038
5.8520,0.0077
5.8560,0.0140
5.8600,-0.0067
5.8640,0.0091
5.8680,0.0151
5.8720,-0.0106
5.8760,-0.0087
5.8800,-0.0083
5.8840,-0.0147
5.8880,0.0036
5.8920,-0.0148
5.8960,0.0040
5.9000,0.0116
5.9040,-0.0129
5.9080,-0.0025
5.9120,-0.0153
5.9160,0.0062
5.9200,-0.0059
5.9240,-0.0021
5.9280,0.0004
5.9320,0.0044
5.9360,-0.0028
5.9400,0.0001
5.9440,-0.0044
5.9480,0.0009
5.9520,-0.0094
5.9560,0.0005
5.9600,-0.0155
5.9640,-0.0039
5.9680,0.0153
5.9720,0.0006
5.9760,-0.0101
5.9800,0.0021
5.9840,-0.0078
5.9880,-0.0132
5.9920,-0.0059
5.9960,0.0059
6.0000,0.0031
6.0040,-0.0008
6.0080,-0.0074
6.0120,-0.0086
6.0160,0.0108
6.0200,0.0020
6.0240,-0.0076
6.0280,-0.0169
6.0320,-0.0110
6.0360,0.0198
6.0400,-0.0092
6.0440,-0.0006
6.0480,0.0017
6.0520,-0.0013
6.0560,-0.0022
6.0600,-0.0110
6.0640,-0.0084
6.0680,0.0135
6.0720,-0.0061
6.0760,0.0068
6.0800,-0.0136
6.0840,-0.0022
6.0880,0.0021
6.0920,0.0083
6.0960,-0.0090
6.1000,0.0048
6.1040,0.0031
6.1080,-0.0059
6.1120,0.0038
6.1160,-0.0072
6.1200,-0.0064
6.1240,-0.0002
6.1280,-0.0217
6.1320,-0.0009
6.1360,-0.0080
6.1400,-0.0117
6.1440,-0.0034
6.1480,0.0061
6.1520,-0.0032
6.1560,0.0101
6.1600,-0.0093
6.1640,-0.0105
6.1680,0.0124
6.1720,0.0032
6.1760,0.0076
6.1800,-0.0066
6.1840,0.0064
6.1880,0.0021
6.1920,0.0052
6.1960,0.0002
6.2000,0.0097
6.2040,-0.0052
6.2080,-0.0077
6.2120,-0.0118
6.2160,0.0093
6.2200,-0.0059
6.2240,-0.0083
6.2280,-0.0075
6.2320,-0.0036
6.2360,-0.0102
6.2400,-0.0023
6.2440,-0.0050
6.2480,-0.0044
6.2520,-0.0077
6.2560,0.0003
6.2600,-0.0034
6.2640,0.0020
6.2680,0.0057
6.2720,0.0134
6.2760,0.0077
6.2800,0.0450
6.2840,0.0737
6.2880,0.1138
6.2920,0.1073
6.2960,0.1051
6.3000,0.0824
6.3040,0.0511
6.3080,0.0362
6.3120,0.0088
6.3160,0.0122
6.3200,-0.0104
6.3240,-0.0142
6.3280,0.0098
6.3320,0.0035
6.3360,0.0039
6.3400,0.0010
6.3440,0.0039
6.3480,-0.0097
6.3520,0.0075
6.3560,-0.0059
6.3600,-0.0056
6.3640,-0.0519
6.3680,-0.1107
6.3720,-0.0688
6.3760,0.1588
6.3800,0.6292
6.3840,1.0368
6.3880,0.8033
6.3920,0.2816
6.3960,0.0162
6.4000,-0.0775
6.4040,-0.1490
6.4080,-0.1676
6.4120,-0.1405
6.4160,-0.0573
6.4200,-0.0099
6.4240,0.0084
6.4280,0.0077
6.4320,0.0010
6.4360,0.0011
6.4400,-0.0011
6.4440,-0.0058
6.4480,-0.0005
6.4520,-0.0051
6.4560,0.0132
6.4600,0.0043
6.4640,-0.0034
6.4680,-0.0150
6.4720,0.0001
6.4760,-0.0024
6.4800,-0.0070
6.4840,-0.0062
6.4880,-0.0132
6.4920,0.0123
6.4960,0.0116
6.5000,0.0391
6.5040,0.0269
6.5080,0.0377
6.5120,0.0656
6.5160,0.0740
6.5200,0.0968
6.5240,0.1183
6.5280,0.1447
6.5320,0.1909
6.5360,0.2156
6.5400,0.2476
6.5440,0.2528
6.5480,0.2714
6.5520,0.2721
6.5560,0.2865
6.5600,0.2591
6.5640,0.2587
6.5680,0.2408
6.5720,0.2168
6.5760,0.1691
6.5800,0.1560
6.5840,0.1135
6.5880,0.0876
6.5920,0.0608
6.5960,0.0620
6.6000,0.0511
6.6040,0.0216
6.6080,0.0118
6.6120,0.0090
6.6160,0.0275
6.6200,0.0126
6.6240,-0.0016
6.6280,-0.0128
6.6320,-0.0045
6.6360,0.0100
6.6400,0.0152
6.6440,-0.0020
6.6480,-0.0055
6.6520,-0.0040
6.6560,-0.0151
6.6600,0.0073
6.6640,-0.0087
6.6680,0.0085
6.6720,-0.0137
6.6760,-0.0102
6.6800,0.0023
6.6840,-0.0061
6.6880,0.0063
6.6920,0.0001
6.6960,-0.0094
6.7000,0.0050
6.7040,0.0067
6.7080,-0.0153
6.7120,0.0146
6.7160,0.0040
6.7200,0.0061
6.7240,-0.0149
6.7280,-0.0058
6.7320,-0.0028
6.7360,0.0086
6.7400,-0.0117
6.7440,-0.0071
6.7480,-0.0162
6.7520,-0.0019
6.7560,0.0028
6.7600,-0.0135
6.7640,-0.0047
6.7680,0.0041
6.7720,0.0127
6.7760,0.0053
6.7800,-0.0024
6.7840,-0.0094
6.7880,-0.0075
6.7920,-0.0053
6.7960,0.0012
6.8000,-0.0004
6.8040,0.0133
6.8080,0.0023
6.8120,-0.0086
6.8160,0.0124
6.8200,0.0076
6.8240,0.0008
6.8280,-0.0058
6.8320,-0.0150
6.8360,-0.0082
6.8400,0.0073
6.8440,-0.0064
6.8480,-0.0106
6.8520,0.0016
6.8560,0.0020
6.8600,0.0049
6.8640,0.0052
6.8680,0.0113
6.8720,-0.0067
6.8760,0.0078
6.8800,-0.0079
6.8840,0.0056
6.8880,0.0014
6.8920,0.0019
6.8960,0.0077
6.9000,-0.0001
6.9040,0.0089
6.9080,0.0070
6.9120,0.0011
6.9160,-0.0045
6.9200,-0.0060
6.9240,-0.0042
6.9280,-0.0016
6.9320,-0.0002
6.9360,0.0238
6.9400,0.0051
6.9440,0.0062
6.9480,-0.0069
6.9520,-0.0057
6.9560,-0.0026
6.9600,0.0015
6.9640,-0.0083
6.9680,0.0129
6.9720,-0.0045
6.9760,0.0086
6.9800,-0.0187
6.9840,-0.0001
6.9880,0.0022
6.9920,0.0015
6.9960,0.0048
7.0000,0.0022
7.0040,0.0013
7.0080,-0.0151
7.0120,-0.0057
7.0160,-0.0187
7.0200,0.0050
7.0240,0.0025
7.0280,-0.0014
7.0320,-0.0059
7.0360,-0.0020
7.0400,0.0227
7.0440,0.0336
7.0480,0.0405
7.0520,0.0807
7.0560,0.0875
7.0600,0.1029
7.0640,0.1119
7.0680,0.0869
7.0720,0.0587
7.0760,0.0367
7.0800,0.0404
7.0840,0.0009
7.0880,0.0024
7.0920,0.0027
7.0960,-0.0002
7.1000,0.0075
7.1040,0.0142
7.1080,-0.0099
7.1120,0.0013
7.1160,-0.0021
7.1200,0.0028
7.1240,-0.0130
7.1280,-0.0217
7.1320,-0.0560
7.1360,-0.0819
7.1400,-0.0814
7.1440,0.0598
7.1480,0.4400
7.1520,0.9649
7.1560,0.9350
7.1600,0.4163
7.1640,0.0662
7.1680,-0.0478
7.1720,-0.1259
7.1760,-0.1782
7.1800,-0.1547
7.1840,-0.0977
7.1880,-0.0351
7.1920,-0.0086
7.1960,0.0030
7.2000,-0.0007
7.2040,-0.0012
7.2080,-0.0011
7.2120,-0.0052
7.2160,0.0179
7.2200,0.0041
7.2240,0.0035
7.2280,0.0184
7.2320,0.0113
7.2360,-0.0122
7.2400,0.0060
7.2440,0.0075
7.2480,0.0165
7.2520,0.0130
7.2560,0.0103
7.2600,-0.0027
7.2640,0.0036
7.2680,0.0184
7.2720,0.0282
7.2760,0.0268
7.2800,0.0460
7.2840,0.0636
7.2880,0.0887
7.2920,0.1158
7.2960,0.1384
7.3000,0.1599
7.3040,0.2089
7.3080,0.2390
7.3120,0.2487
7.3160,0.2753
7.3200,0.2811
7.3240,0.2851
7.3280,0.2776
7.3320,0.2537
7.3360,0.2440
7.3400,0.2221
7.3440,0.1785
7.3480,0.1720
7.3520,0.1444
7.3560,0.1158
7.3600,0.0938
7.3640,0.0641
7.3680,0.0394
7.3720,0.0248
7.3760,0.0137
7.3800,0.0143
7.3840,0.0083
7.3880,0.0107
7.3920,-0.0129
7.3960,0.0204
7.4000,0.0193
7.4040,0.0004
7.4080,0.0057
7.4120,0.0040
7.4160,0.0023
7.4200,-0.0016
7.4240,-0.0010
7.4280,-0.0066
7.4320,0.0014
7.4360,-0.0002
7.4400,0.0026
7.4440,-0.0068
7.4480,0.0003
7.4520,0.0004
7.4560,0.0048
7.4600,-0.0085
7.4640,0.0034
7.4680,0.0079
7.4720,0.0048
7.4760,-0.0029
7.4800,-0.0039
7.4840,-0.0019
7.4880,0.0058
7.4920,0.0124
7.4960,-0.0013
7.5000,-0.0051
7.5040,0.0030
7.5080,0.0016
7.5120,-0.0073
7.5160,-0.0059
7.5200,-0.0008
7.5240,0.0054
7.5280,-0.0095
7.5320,-0.0081
7.5360,0.0040
7.5400,-0.0098
7.5440,0.0009
7.5480,0.0028
7.5520,-0.0009
7.5560,-0.0081
7.5600,-0.0005
7.5640,-0.0027
7.5680,0.0027
7.5720,-0.0067
7.5760,0.0087
7.5800,-0.0134
7.5840,-0.0014
7.5880,0.0001
7.5920,0.0077
7.5960,-0.0049
7.6000,0.0044
7.6040,-0.0045
7.6080,0.0059
7.6120,0.0139
7.6160,-0.0032
7.6200,0.0035
7.6240,-0.0074
7.6280,0.0078
7.6320,0.0097
7.6360,0.0003
7.6400,-0.0091
7.6440,0.0032
7.6480,0.0092
7.6520,0.0087
7.6560,0.0065
7.6600,-0.0146
7.6640,-0.0054
7.6680,0.0114
7.6720,-0.0098
7.6760,0.0091
7.6800,0.0151
7.6840,0.0061
7.6880,0.0090
7.6920,-0.0027
7.6960,-0.0098
7.7000,-0.0008
7.7040,-0.0016
7.7080,-0.0004
7.7120,0.0056
7.7160,-0.0012
7.7200,0.0015
7.7240,0.0034
7.7280,-0.0000
7.7320,0.0147
7.7360,0.0035
7.7400,0.0007
7.7440,-0.0017
7.7480,-0.0050
7.7520,0.0108
7.7560,0.0012
7.7600,-0.0086
7.7640,-0.0045
7.7680,-0.0011
7.7720,-0.0036
7.7760,0.0087
7.7800,-0.0093
7.7840,0.0039
7.7880,0.0012
7.7920,-0.0094
7.7960,0.0005
7.8000,-0.0003
7.8040,0.0058
7.8080,0.0021
7.8120,0.0176
7.8160,0.0200
7.8200,0.0521
7.8240,0.0980
7.8280,0.1231
7.8320,0.1188
7.8360,0.0974
7.8400,0.0814
7.8440,0.0262
7.8480,0.0146
7.8520,0.0139
7.8560,0.0081
7.8600,-0.0075
7.8640,-0.0149
7.8680,0.0117
7.8720,0.0012
7.8760,-0.0072
7.8800,0.0004
7.8840,0.0072
7.8880,-0.0207
7.8920,0.0086
7.8960,0.0019
7.9000,-0.0416
7.9040,-0.0662
7.9080,-0.1090
7.9120,0.0034
7.9160,0.3075
7.9200,0.8559
7.9240,1.0239
7.9280,0.5922
7.9320,0.1576
7.9360,-0.0304
7.9400,-0.1136
7.9440,-0.1722
7.9480,-0.1727
7.9520,-0.1233
7.9560,-0.0462
7.9600,-0.0100
7.9640,-0.0021
7.9680,0.0133
7.9720,-0.0026
7.9760,0.0105
7.9800,-0.0044
7.9840,0.0061
7.9880,-0.0155
7.9920,0.0016
7.9960,-0.0014
8.0000,-0.0039
8.0040,-0.0047
8.0080,-0.0024
8.0120,-0.0051
8.0160,-0.0164
8.0200,-0.0027
8.0240,-0.0009
8.0280,0.0016
8.0320,0.0007
8.0360,0.0132
8.0400,0.0277
8.0440,0.0293
8.0480,0.0404
8.0520,0.0718
8.0560,0.0890
8.0600,0.1125
8.0640,0.1412
8.0680,0.1582
8.0720,0.1891
8.0760,0.2270
8.0800,0.2384
8.0840,0.2615
8.0880,0.2782
8.0920,0.2830
8.0960,0.2742
8.1000,0.2727
8.1040,0.2448
8.1080,0.2280
8.1120,0.2031
8.1160,0.1706
8.1200,0.1422
8.1240,0.0998
8.1280,0.0742
8.1320,0.0588
8.1360,0.0504
8.1400,0.0451
8.1440,0.0130
8.1480,0.0177
8.1520,0.0030
8.1560,0.0004
8.1600,0.0016
8.1640,0.0078
8.1680,0.0030
8.1720,0.0102
8.1760,-0.0075
8.1800,0.0073
8.1840,0.0075
8.1880,0.0006
8.1920,0.0038
8.1960,-0.0045
8.2000,-0.0087
8.2040,-0.0032
8.2080,-0.0051
8.2120,0.0231
8.2160,-0.0039
8.2200,0.0132
8.2240,0.0016
8.2280,0.0025
8.2320,0.0059
8.2360,-0.0062
8.2400,0.0073
8.2440,0.0030
8.2480,-0.0121
8.2520,0.0048
8.2560,0.0044
8.2600,0.0036
8.2640,0.0127
8.2680,-0.0033
8.2720,0.0041
8.2760,0.0060
8.2800,-0.0072
8.2840,0.0096
8.2880,-0.0116
8.2920,-0.0104
8.2960,0.0042
8.3000,-0.0087
8.3040,-0.0009
8.3080,-0.0132
8.3120,0.0006
8.3160,-0.0091
8.3200,0.0027
8.3240,-0.0123
8.3280,0.0036
8.3320,-0.0021
8.3360,0.0005
8.3400,-0.0005
8.3440,0.0010
8.3480,-0.0106
8.3520,-0.0205
8.3560,0.0003
8.3600,-0.0075
8.3640,-0.0036
8.3680,0.0034
8.3720,-0.0159
8.3760,-0.0061
8.3800,-0.0049
8.3840,-0.0085
8.3880,0.0026
8.3920,-0.0011
8.3960,-0.0066
8.4000,-0.0079
8.4040,0.0065
8.4080,-0.0053
8.4120,0.0047
8.4160,0.0036
8.4200,-0.0152
8.4240,-0.0087
8.4280,0.0000
8.4320,0.0027
8.4360,0.0062
8.4400,0.0064
8.4440,0.0083
8.4480,-0.0030
8.4520,-0.0017
8.4560,0.0062
8.4600,-0.0034
8.4640,0.0085
8.4680,-0.0127
8.4720,0.0052
8.4760,-0.0014
8.4800,-0.0157
8.4840,0.0078
8.4880,0.0025
8.4920,0.0002
8.4960,-0.0086
8.5000,-0.0037
8.5040,0.0121
8.5080,-0.0066
8.5120,-0.0278
8.5160,-0.0069
8.5200,-0.0096
8.5240,-0.0011
8.5280,-0.0031
8.5320,-0.0073
8.5360,-0.0067
8.5400,0.0084
8.5440,-0.0115
8.5480,0.0157
8.5520,-0.0044
8.5560,-0.0087
8.5600,0.0063
8.5640,0.0046
8.5680,-0.0080
8.5720,0.0072
8.5760,-0.0106
8.5800,0.0041
8.5840,0.0357
8.5880,0.0495
8.5920,0.0720
8.5960,0.1134
8.6000,0.1273
8.6040,0.1091
8.6080,0.0680
8.6120,0.0488
8.6160,0.0301
8.6200,0.0176
8.6240,0.0189
8.6280,-0.0008
8.6320,-0.0036
8.6360,-0.0002
8.6400,0.0097
8.6440,-0.0075
8.6480,0.0104
8.6520,-0.0220
8.6560,0.0064
8.6600,-0.0055
8.6640,0.0017
8.6680,-0.0099
8.6720,-0.0660
8.6760,-0.0967
8.6800,-0.0482
8.6840,0.1816
8.6880,0.6662
8.6920,1.0391
8.6960,0.7458
8.7000,0.2742
8.7040,0.0084
8.7080,-0.0862
8.7120,-0.1666
8.7160,-0.1717
8.7200,-0.1401
8.7240,-0.0561
8.7280,-0.0152
8.7320,-0.0045
8.7360,0.0052
8.7400,-0.0090
8.7440,-0.0026
8.7480,-0.0046
8.7520,-0.0102
8.7560,0.0001
8.7600,-0.0011
8.7640,0.0115
8.7680,-0.0267
8.7720,-0.0052
8.7760,-0.0071
8.7800,-0.0032
8.7840,0.0044
8.7880,0.0050
8.7920,0.0032
8.7960,0.0012
8.8000,0.0120
8.8040,0.0154
8.8080,0.0042
8.8120,0.0259
8.8160,0.0290
8.8200,0.0460
8.8240,0.0757
8.8280,0.0979
8.8320,0.1243
8.8360,0.1448
8.8400,0.1795
8.8440,0.2025
8.8480,0.2388
8.8520,0.2626
8.8560,0.2861
8.8600,0.2895
8.8640,0.2720
8.8680,0.2656
8.8720,0.2451
8.8760,0.2325
8.8800,0.2192
8.8840,0.1800
8.8880,0.1275
8.8920,0.1071
8.8960,0.0815
8.9000,0.0739
8.9040,0.0515
8.9080,0.0393
8.9120,0.0399
8.9160,0.0107
8.9200,0.0045
8.9240,0.0229
8.9280,0.0072
8.9320,-0.0036
8.9360,-0.0147
8.9400,-0.0113
8.9440,-0.0191
8.9480,0.0008
8.9520,0.0005
8.9560,0.0080
8.9600,-0.0011
8.9640,-0.0055
8.9680,-0.0059
8.9720,0.0152
8.9760,-0.0141
8.9800,0.0014
8.9840,0.0002
8.9880,0.0049
8.9920,-0.0032
8.9960,0.0040
9.0000,0.0065
9.0040,-0.0012
9.0080,-0.0037
9.0120,-0.0015
9.0160,-0.0077
9.0200,-0.0017
9.0240,-0.0024
9.0280,0.0017
9.0320,0.0107
9.0360,0.0105
9.0400,-0.0036
9.0440,0.0048
9.0480,0.0024
9.0520,0.0061
9.0560,0.0002
9.0600,0.0021
9.0640,-0.0038
9.0680,-0.0063
9.0720,0.0070
9.0760,0.0104
9.0800,0.0053
9.0840,0.0035
9.0880,0.0021
9.0920,-0.0036
9.0960,-0.0143
9.1000,0.0053
9.1040,0.0016
9.1080,-0.0044
9.1120,-0.0077
9.1160,0.0102
9.1200,-0.0144
9.1240,0.0141
9.1280,0.0051
9.1320,0.0190
9.1360,-0.0057
9.1400,-0.0002
9.1440,-0.0041
9.1480,0.0012
9.1520,-0.0017
9.1560,-0.0060
9.1600,0.0086
9.1640,-0.0063
9.1680,-0.0041
9.1720,0.0044
9.1760,-0.0043
9.1800,-0.0035
9.1840,0.0028
9.1880,-0.0029
9.1920,-0.0100
9.1960,-0.0008
9.2000,-0.0018
9.2040,0.0136
9.2080,-0.0088
9.2120,0.0078
9.2160,-0.0063
9.2200,-0.0028
9.2240,-0.0026
9.2280,0.0022
9.2320,0.0069
9.2360,0.0140
9.2400,-0.0051
9.2440,0.0106
9.2480,0.0080
9.2520,0.0065
9.2560,-0.0061
9.2600,0.0072
9.2640,-0.0009
9.2680,0.0028
9.2720,-0.0022
9.2760,0.0053
9.2800,0.0089
9.2840,0.0090
9.2880,-0.0016
9.2920,0.0080
9.2960,0.0116
9.3000,-0.0075
9.3040,0.0118
9.3080,-0.0107
9.3120,0.0043
9.3160,0.0048
9.3200,0.0119
9.3240,0.0022
9.3280,-0.0038
9.3320,-0.0063
9.3360,-0.0098
9.3400,0.0069
9.3440,0.0010
9.3480,0.0028
9.3520,0.0253
9.3560,0.0368
9.3600,0.0693
9.3640,0.0985
9.3680,0.1322
9.3720,0.1264
9.3760,0.0904
9.3800,0.0482
9.3840,0.0356
9.3880,0.0158
9.3920,0.0085
9.3960,0.0063
9.4000,-0.0021
9.4040,0.0075
9.4080,0.0067
9.4120,0.0017
9.4160,-0.0032
9.4200,-0.0038
9.4240,0.0055
9.4280,-0.0088
9.4320,-0.0022
9.4360,-0.0149
9.4400,-0.0522
9.4440,-0.0841
9.4480,-0.0783
9.4520,0.0795
9.4560,0.5078
9.4600,0.9801
9.4640,0.9095
9.4680,0.3917
9.4720,0.0651
9.4760,-0.0685
9.4800,-0.1298
9.4840,-0.1773
9.4880,-0.1439
9.4920,-0.0785
9.4960,-0.0281
9.5000,0.0093
9.5040,-0.0013
9.5080,-0.0035
9.5120,-0.0027
9.5160,-0.0075
9.5200,-0.0002
9.5240,-0.0150
9.5280,-0.0007
9.5320,0.0034
9.5360,0.0080
9.5400,-0.0027
9.5440,0.0113
9.5480,-0.0048
9.5520,-0.0003
9.5560,-0.0136
9.5600,-0.0035
9.5640,-0.0021
9.5680,0.0186
9.5720,0.0151
9.5760,0.0081
9.5800,0.0291
9.5840,0.0397
9.5880,0.0484
9.5920,0.0685
9.5960,0.0876
9.6000,0.1109
9.6040,0.1290
9.6080,0.1714
9.6120,0.2112
9.6160,0.2393
9.6200,0.2489
9.6240,0.2624
9.6280,0.2763
9.6320,0.2866
9.6360,0.2756
9.6400,0.2539
9.6440,0.2404
9.6480,0.2103
9.6520,0.1874
9.6560,0.1508
9.6600,0.1140
9.6640,0.0997
9.6680,0.0821
9.6720,0.0481
9.6760,0.0402
9.6800,0.0356
9.6840,0.0167
9.6880,0.0079
9.6920,0.0241
9.6960,0.0116
9.7000,0.0111
9.7040,-0.0056
9.7080,0.0138
9.7120,-0.0123
9.7160,-0.0037
9.7200,0.0059
9.7240,0.0104
9.7280,-0.0072
9.7320,-0.0052
9.7360,0.0015
9.7400,-0.0150
9.7440,0.0050
9.7480,0.0044
9.7520,-0.0035
9.7560,0.0042
9.7600,0.0060
9.7640,0.0024
9.7680,0.0041
9.7720,0.0118
9.7760,-0.0037
9.7800,0.0013
9.7840,-0.0041
9.7880,0.0080
9.7920,-0.0032
9.7960,0.0037
9.8000,0.0011
9.8040,0.0005
9.8080,0.0133
9.8120,-0.0007
9.8160,0.0110
9.8200,0.0064
9.8240,0.0102
9.8280,-0.0013
9.8320,0.0072
9.8360,0.0059
9.8400,-0.0048
9.8440,0.0021
9.8480,-0.0010
9.8520,-0.0003
9.8560,0.0101
9.8600,-0.0056
9.8640,-0.0130
9.8680,-0.0135
9.8720,-0.0035
9.8760,-0.0050
9.8800,0.0001
9.8840,0.0044
9.8880,0.0136
9.8920,0.0024
9.8960,0.0036
9.9000,-0.0057
9.9040,0.0045
9.9080,0.0105
9.9120,0.0103
9.9160,-0.0151
9.9200,0.0069
9.9240,0.0122
9.9280,0.0064
9.9320,-0.0115
9.9360,-0.0024
9.9400,0.0045
9.9440,0.0032
9.9480,-0.0063
9.9520,-0.0069
9.9560,0.0074
9.9600,-0.0103
9.9640,0.0111
9.9680,0.0002
9.9720,0.0023
9.9760,-0.0103
9.9800,-0.0046
9.9840,0.0053
9.9880,-0.0113
9.9920,0.0159
9.9960,-0.0108
10.0000,-0.0094
10.0040,0.0003
10.0080,0.0037
10.0120,0.0056
10.0160,-0.0029
10.0200,-0.0016
10.0240,-0.0018
10.0280,-0.0044
10.0320,-0.0198
10.0360,0.0074
10.0400,0.0019
10.0440,0.0012
10.0480,-0.0048
10.0520,0.0019
10.0560,-0.0001
10.0600,-0.0006
10.0640,0.0085
10.0680,-0.0132
10.0720,0.0019
10.0760,-0.0082
10.0800,-0.0024
10.0840,0.0115
10.0880,-0.0083
10.0920,-0.0008
10.0960,-0.0045
10.1000,0.0073
10.1040,-0.0074
10.1080,-0.0124
10.1120,0.0059
10.1160,0.0035
10.1200,0.0138
10.1240,0.0435
10.1280,0.0563
10.1320,0.0911
10.1360,0.1169
10.1400,0.1215
10.1440,0.0963
10.1480,0.0783
10.1520,0.0582
10.1560,0.0166
10.1600,0.0223
10.1640,-0.0136
10.1680,0.0115
10.1720,-0.0025
10.1760,0.0011
10.1800,-0.0026
10.1840,-0.0049
10.1880,-0.0098
10.1920,-0.0030
10.1960,0.0099
10.2000,0.0084
10.2040,-0.0074
10.2080,-0.0319
10.2120,-0.0815
10.2160,-0.1021
10.2200,0.0222
10.2240,0.3457
10.2280,0.8755
10.2320,1.0091
10.2360,0.5419
10.2400,0.1379
10.2440,-0.0268
10.2480,-0.1210
10.2520,-0.1645
10.2560,-0.1778
10.2600,-0.1042
10.2640,-0.0535
10.2680,-0.0160
10.2720,0.0015
10.2760,0.0030
10.2800,0.0077
10.2840,-0.0064
10.2880,0.0121
10.2920,0.0103
10.2960,-0.0001
10.3000,0.0036
10.3040,-0.0059
10.3080,-0.0011
10.3120,-0.0099
10.3160,0.0011
10.3200,0.0022
10.3240,0.0116
10.3280,0.0094
10.3320,0.0099
10.3360,0.0032
10.3400,0.0078
10.3440,0.0121
10.3480,0.0238
10.3520,0.0174
10.3560,0.0514
10.3600,0.0503
10.3640,0.0790
10.3680,0.1072
10.3720,0.1302
10.3760,0.1758
10.3800,0.1916
10.3840,0.2322
10.3880,0.2536
10.3920,0.2599
10.3960,0.2789
10.4000,0.2900
10.4040,0.2733
10.4080,0.2643
10.4120,0.2403
10.4160,0.2206
10.4200,0.1896
10.4240,0.1637
10.4280,0.1418
10.4320,0.1178
10.4360,0.0840
10.4400,0.0639
10.4440,0.0520
10.4480,0.0300
10.4520,0.0140
10.4560,0.0233
10.4600,0.0024
10.4640,0.0131
10.4680,-0.0038
10.4720,0.0162
10.4760,-0.0068
10.4800,0.0072
10.4840,0.0119
10.4880,-0.0072
10.4920,0.0115
10.4960,-0.0063
10.5000,-0.0135
10.5040,0.0056
10.5080,0.0054
10.5120,-0.0016
10.5160,-0.0194
10.5200,-0.0004
10.5240,-0.0023
10.5280,-0.0029
10.5320,-0.0022
10.5360,-0.0137
10.5400,-0.0044
10.5440,0.0138
10.5480,0.0119
10.5520,-0.0028
10.5560,-0.0055
10.5600,0.0030
10.5640,0.0082
10.5680,0.0056
10.5720,-0.0090
10.5760,0.0012
10.5800,0.0011
10.5840,0.0110
10.5880,0.0092
10.5920,0.0040
10.5960,0.0093
10.6000,-0.0030
10.6040,0.0118
10.6080,-0.0033
10.6120,0.0030
10.6160,0.0071
10.6200,-0.0070
10.6240,-0.0054
10.6280,-0.0135
10.6320,0.0013
10.6360,-0.0004
10.6400,-0.0025
10.6440,0.0038
10.6480,-0.0163
10.6520,-0.0002
10.6560,0.0007
10.6600,-0.0020
10.6640,0.0061
10.6680,0.0135
10.6720,-0.0034
10.6760,-0.0072
10.6800,-0.0046
10.6840,0.0007
10.6880,0.0045
10.6920,-0.0066
10.6960,0.0077
10.7000,-0.0079
10.7040,0.0064
10.7080,0.0033
10.7120,0.0036
10.7160,0.0166
10.7200,-0.0020
10.7240,-0.0013
10.7280,0.0037
10.7320,0.0066
10.7360,-0.0103
10.7400,0.0021
10.7440,-0.0057
10.7480,0.0048
10.7520,0.0105
10.7560,0.0004
10.7600,-0.0008
10.7640,0.0014
10.7680,-0.0227
10.7720,0.0059
10.7760,0.0043
10.7800,0.0013
10.7840,-0.0030
10.7880,-0.0056
10.7920,-0.0014
10.7960,0.0093
10.8000,-0.0008
10.8040,0.0103
10.8080,-0.0198
10.8120,-0.0035
10.8160,0.0021
10.8200,-0.0001
10.8240,-0.0127
10.8280,-0.0051
10.8320,0.0096
10.8360,-0.0099
10.8400,-0.0076
10.8440,-0.0084
10.8480,-0.0042
10.8520,0.0049
10.8560,0.0046
10.8600,-0.0156
10.8640,0.0112
10.8680,-0.0045
10.8720,-0.0045
10.8760,0.0131
10.8800,0.0007
10.8840,-0.0051
10.8880,0.0074
10.8920,0.0227
10.8960,0.0460
10.9000,0.0822
10.9040,0.1175
10.9080,0.1226
10.9120,0.0970
10.9160,0.1014
10.9200,0.0417
10.9240,0.0261
10.9280,0.0109
10.9320,0.0096
10.9360,-0.0014
10.9400,0.0038
10.9440,0.0162
10.9480,0.0007
10.9520,-0.0083
10.9560,0.0025
10.9600,-0.0062
10.9640,-0.0028
10.9680,0.0013
10.9720,0.0002
10.9760,-0.0197
10.9800,-0.0541
10.9840,-0.0980
10.9880,-0.0507
10.9920,0.2127
10.9960,0.7137
11.0000,1.0588
11.0040,0.7147
11.0080,0.2292
11.0120,0.0025
11.0160,-0.1110
11.0200,-0.1702
11.0240,-0.1866
11.0280,-0.1199
11.0320,-0.0774
11.0360,-0.0128
11.0400,0.0043
11.0440,0.0032
11.0480,0.0051
11.0520,-0.0038
11.0560,-0.0001
11.0600,0.0017
11.0640,0.0032
11.0680,0.0054
11.0720,-0.0015
11.0760,-0.0053
11.0800,-0.0042
11.0840,0.0035
11.0880,-0.0122
11.0920,-0.0086
11.0960,-0.0013
11.1000,-0.0011
11.1040,0.0031
11.1080,-0.0122
11.1120,0.0103
11.1160,0.0177
11.1200,0.0347
11.1240,0.0258
11.1280,0.0544
11.1320,0.0798
11.1360,0.1030
11.1400,0.1347
11.1440,0.1621
11.1480,0.1753
11.1520,0.2168
11.1560,0.2350
11.1600,0.2523
11.1640,0.2847
11.1680,0.2748
11.1720,0.2714
11.1760,0.2651
11.1800,0.2446
11.1840,0.2359
11.1880,0.2041
11.1920,0.1829
11.1960,0.1460
11.2000,0.1104
11.2040,0.0981
11.2080,0.0632
11.2120,0.0467
11.2160,0.0346
11.2200,0.0252
11.2240,0.0259
11.2280,0.0063
11.2320,0.0096
11.2360,0.0040
11.2400,-0.0071
11.2440,-0.0070
11.2480,-0.0009
11.2520,0.0036
11.2560,0.0027
11.2600,0.0038
11.2640,0.0004
11.2680,-0.0034
11.2720,0.0033
11.2760,-0.0077
11.2800,-0.0103
11.2840,-0.0026
11.2880,-0.0110
11.2920,-0.0040
11.2960,-0.0058
11.3000,-0.0043
11.3040,-0.0003
11.3080,-0.0062
11.3120,-0.0033
11.3160,-0.0132
11.3200,0.0011
11.3240,-0.0068
11.3280,0.0031
11.3320,-0.0218
11.3360,-0.0062
11.3400,0.0019
11.3440,-0.0188
11.3480,-0.0028
11.3520,0.0007
11.3560,0.0008
11.3600,-0.0115
11.3640,0.0018
11.3680,0.0011
11.3720,-0.0075
11.3760,0.0057
11.3800,-0.0004
11.3840,0.0001
11.3880,-0.0035
11.3920,0.0042
11.3960,0.0008
11.4000,0.0088
11.4040,0.0035
11.4080,-0.0048
11.4120,-0.0017
11.4160,0.0071
11.4200,-0.0028
11.4240,0.0030
11.4280,0.0040
11.4320,-0.0014
11.4360,-0.0180
11.4400,0.0010
11.4440,0.0017
11.4480,0.0010
11.4520,-0.0059
11.4560,0.0093
11.4600,-0.0010
11.4640,-0.0048
11.4680,-0.0055
11.4720,0.0028
11.4760,-0.0084
11.4800,-0.0077
11.4840,0.0155
11.4880,0.0101
11.4920,0.0082
11.4960,0.0106
11.5000,0.0046
11.5040,-0.0130
11.5080,0.0092
11.5120,0.0096
11.5160,0.0038
11.5200,-0.0151
11.5240,0.0096
11.5280,0.0106
11.5320,-0.0038
11.5360,0.0010
11.5400,0.0060
11.5440,-0.0007
11.5480,0.0085
11.5520,0.0006
11.5560,0.0054
11.5600,0.0007
11.5640,-0.0115
11.5680,-0.0077
11.5720,0.0245
11.5760,0.0022
11.5800,0.0102
11.5840,0.0088
11.5880,0.0133
11.5920,0.0043
11.5960,-0.0046
11.6000,0.0001
11.6040,-0.0149
11.6080,-0.0015
11.6120,0.0070
11.6160,-0.0168
11.6200,0.0015
11.6240,0.0064
11.6280,0.0103
11.6320,-0.0072
11.6360,-0.0051
11.6400,-0.0145
11.6440,-0.0077
11.6480,0.0050
11.6520,0.0192
11.6560,0.0003
11.6600,0.0331
11.6640,0.0484
11.6680,0.0714
11.6720,0.1211
11.6760,0.0998
11.6800,0.1130
11.6840,0.0911
11.6880,0.0750
11.6920,0.0456
11.6960,0.0318
11.7000,0.0063
11.7040,0.0092
11.7080,0.0110
11.7120,0.0041
11.7160,0.0028
11.7200,-0.0014
11.7240,-0.0032
11.7280,-0.0096
11.7320,0.0152
11.7360,-0.0035
11.7400,-0.0173
11.7440,-0.0082
11.7480,-0.0451
11.7520,-0.0900
11.7560,-0.0583
11.7600,0.1002
11.7640,0.5415
11.7680,1.0065
11.7720,0.8760
11.7760,0.3494
11.7800,0.0462
11.7840,-0.0418
11.7880,-0.1376
11.7920,-0.1864
11.7960,-0.1353
11.8000,-0.0757
11.8040,-0.0233
11.8080,-0.0014
11.8120,0.0053
11.8160,0.0051
11.8200,0.0110
11.8240,0.0078
11.8280,0.0105
11.8320,-0.0039
11.8360,-0.0000
11.8400,-0.0056
11.8440,0.0075
11.8480,0.0066
11.8520,-0.0034
11.8560,0.0050
11.8600,0.0213
11.8640,0.0112
11.8680,-0.0060
11.8720,0.0037
11.8760,0.0121
11.8800,0.0110
11.8840,0.0203
11.8880,0.0348
11.8920,0.0395
11.8960,0.0430
11.9000,0.0754
11.9040,0.0911
11.9080,0.1181
11.9120,0.1407
11.9160,0.1636
11.9200,0.1936
11.9240,0.2273
11.9280,0.2443
11.9320,0.2481
11.9360,0.2874
11.9400,0.2703
11.9440,0.2664
11.9480,0.2612
11.9520,0.2170
11.9560,0.2202
11.9600,0.1751
11.9640,0.1569
11.9680,0.1197
11.9720,0.0998
11.9760,0.0754
11.9800,0.0554
11.9840,0.0257
11.9880,0.0165
11.9920,0.0187
11.9960,0.0235
